epoch,time,train/box_loss,train/cls_loss,train/dfl_loss,metrics/precision(B),metrics/recall(B),metrics/mAP50(B),metrics/mAP50-95(B),val/box_loss,val/cls_loss,val/dfl_loss,lr/pg0,lr/pg1,lr/pg2
1,14.2629,0.91537,2.59056,1.15411,0.25052,1,0.29345,0.218,0.86485,1.7294,1.11825,0.000410256,0.000410256,0.000410256
2,25.547,0.59985,1.64265,0.97294,0.2496,1,0.48284,0.43677,0.5034,1.58575,0.99624,0.00081055,0.00081055,0.00081055
3,34.9769,0.56644,1.39309,0.95119,0.3227,0.74554,0.5377,0.40638,0.6811,2.44503,1.07256,0.00119434,0.00119434,0.00119434
4,45.8492,0.53727,1.22603,0.94463,0.58356,0.86862,0.80138,0.74318,0.41108,0.86348,0.938,0.00117575,0.00117575,0.00117575
5,57.1508,0.50148,1.12776,0.93018,0.73214,0.86641,0.93252,0.8713,0.39503,0.79041,0.95012,0.001151,0.001151,0.001151
6,67.7949,0.48673,1.03422,0.92007,0.83567,0.79158,0.87794,0.78181,0.52225,0.86693,0.97439,0.00112625,0.00112625,0.00112625
7,77.524,0.46615,0.97186,0.91273,0.78344,0.88238,0.90637,0.84587,0.3588,0.79253,0.92684,0.0011015,0.0011015,0.0011015
8,89.1767,0.4399,0.91303,0.90921,0.90435,0.82948,0.93182,0.87167,0.37133,0.69821,0.92101,0.00107675,0.00107675,0.00107675
9,100.637,0.43657,0.90113,0.91297,0.89053,0.82851,0.92471,0.87267,0.33172,0.63694,0.90417,0.001052,0.001052,0.001052
10,110.293,0.43122,0.8599,0.91185,0.82135,0.85262,0.90757,0.85569,0.34495,0.66715,0.90607,0.00102725,0.00102725,0.00102725
11,121.37,0.42002,0.8074,0.90433,0.89576,0.88509,0.96108,0.8988,0.38027,0.58493,0.9249,0.0010025,0.0010025,0.0010025
12,132.709,0.41073,0.79899,0.90193,0.86064,0.85751,0.94286,0.89162,0.33757,0.58163,0.90245,0.00097775,0.00097775,0.00097775
13,143.458,0.39447,0.74284,0.89972,0.93346,0.89805,0.95739,0.91208,0.31248,0.45411,0.89709,0.000953,0.000953,0.000953
14,153.167,0.39867,0.73926,0.89747,0.86496,0.85144,0.93856,0.90441,0.29934,0.57663,0.87573,0.00092825,0.00092825,0.00092825
15,164.582,0.38685,0.71381,0.89376,0.79319,0.9198,0.95038,0.89169,0.34228,0.68836,0.89393,0.0009035,0.0009035,0.0009035
16,176.021,0.37516,0.69764,0.89432,0.8755,0.88927,0.95071,0.89235,0.34261,0.48035,0.88975,0.00087875,0.00087875,0.00087875
17,185.825,0.38332,0.6758,0.89416,0.8828,0.88736,0.93207,0.88049,0.30977,0.51033,0.88173,0.000854,0.000854,0.000854
18,196.741,0.37148,0.66765,0.8924,0.80209,0.8869,0.95662,0.92514,0.26554,0.58183,0.86825,0.00082925,0.00082925,0.00082925
19,207.982,0.36721,0.64357,0.88717,0.93969,0.90795,0.9596,0.90924,0.3149,0.35831,0.88002,0.0008045,0.0008045,0.0008045
20,219.278,0.3607,0.64417,0.88455,0.9092,0.89587,0.94898,0.90458,0.31421,0.40908,0.89152,0.00077975,0.00077975,0.00077975
21,229.23,0.36337,0.62091,0.89151,0.85886,0.90499,0.95109,0.89461,0.32927,0.40733,0.8862,0.000755,0.000755,0.000755
22,240.981,0.35447,0.62147,0.89721,0.93765,0.86668,0.95625,0.91536,0.30562,0.38924,0.8742,0.00073025,0.00073025,0.00073025
23,252.597,0.3432,0.60427,0.88085,0.92553,0.89959,0.95964,0.92718,0.2754,0.36338,0.87094,0.0007055,0.0007055,0.0007055
24,263.407,0.34629,0.60664,0.88398,0.91833,0.87918,0.95459,0.92086,0.29594,0.44393,0.87953,0.00068075,0.00068075,0.00068075
25,273.726,0.34899,0.58731,0.89049,0.9645,0.8505,0.96259,0.92244,0.31667,0.36427,0.88881,0.000656,0.000656,0.000656
26,285.243,0.3323,0.57858,0.88625,0.89746,0.8789,0.9558,0.92326,0.27385,0.44866,0.86882,0.00063125,0.00063125,0.00063125
27,296.821,0.34351,0.59558,0.8854,0.86795,0.92607,0.96187,0.9247,0.29136,0.42662,0.8754,0.0006065,0.0006065,0.0006065
28,306.361,0.33504,0.58107,0.88498,0.93326,0.88601,0.96217,0.93026,0.29503,0.37689,0.87685,0.00058175,0.00058175,0.00058175
29,317.807,0.33878,0.53791,0.88662,0.9462,0.91627,0.96983,0.93965,0.28077,0.30569,0.86929,0.000557,0.000557,0.000557
30,329.304,0.33328,0.55696,0.88886,0.93522,0.92413,0.96926,0.94291,0.2737,0.32568,0.86793,0.00053225,0.00053225,0.00053225
31,340.496,0.32648,0.53037,0.88079,0.97113,0.91766,0.9687,0.94291,0.2579,0.29672,0.8636,0.0005075,0.0005075,0.0005075
32,350.262,0.32883,0.53376,0.88433,0.93614,0.86251,0.96096,0.94243,0.26024,0.36663,0.86625,0.00048275,0.00048275,0.00048275
33,361.787,0.31968,0.52446,0.87993,0.93696,0.96152,0.97097,0.92241,0.29281,0.29377,0.8727,0.000458,0.000458,0.000458
34,373.377,0.30963,0.51522,0.87843,0.94074,0.93638,0.96802,0.94328,0.25736,0.30835,0.86377,0.00043325,0.00043325,0.00043325
35,384.188,0.31482,0.50763,0.87701,0.95746,0.90532,0.97607,0.95735,0.24189,0.26799,0.85909,0.0004085,0.0004085,0.0004085
36,394.763,0.30446,0.49289,0.87767,0.94546,0.95727,0.97715,0.94553,0.26657,0.24677,0.86494,0.00038375,0.00038375,0.00038375
37,406.565,0.30143,0.51221,0.86924,0.95269,0.95061,0.97235,0.95344,0.25264,0.25963,0.86107,0.000359,0.000359,0.000359
38,418.123,0.29876,0.45866,0.87752,0.96648,0.90229,0.9702,0.95389,0.2434,0.26429,0.86053,0.00033425,0.00033425,0.00033425
39,427.64,0.29199,0.47421,0.87537,0.94957,0.93316,0.97197,0.9547,0.24656,0.266,0.86276,0.0003095,0.0003095,0.0003095
40,438.915,0.29968,0.46193,0.87376,0.93952,0.96286,0.97095,0.95189,0.2424,0.25756,0.85792,0.00028475,0.00028475,0.00028475
41,451.21,0.25159,0.27867,0.8085,0.93699,0.93545,0.96675,0.94856,0.23938,0.31996,0.85605,0.00026,0.00026,0.00026
42,462.2,0.25127,0.29118,0.81407,0.94708,0.94104,0.96961,0.95748,0.23291,0.28055,0.85362,0.00023525,0.00023525,0.00023525
43,471.531,0.23998,0.25446,0.80717,0.97451,0.89894,0.97305,0.95456,0.24175,0.27295,0.85682,0.0002105,0.0002105,0.0002105
44,482.719,0.23543,0.25386,0.80162,0.95708,0.96128,0.97452,0.96176,0.22965,0.21313,0.85548,0.00018575,0.00018575,0.00018575
45,493.977,0.22729,0.2195,0.79992,0.97312,0.96145,0.97481,0.96143,0.23368,0.23104,0.85552,0.000161,0.000161,0.000161
46,503.566,0.22881,0.22776,0.80889,0.98069,0.95462,0.97627,0.96319,0.23233,0.21973,0.85426,0.00013625,0.00013625,0.00013625
47,514.621,0.22017,0.21779,0.79747,0.9603,0.95586,0.977,0.95553,0.23209,0.22399,0.85416,0.0001115,0.0001115,0.0001115
48,526.145,0.22161,0.21122,0.80005,0.97211,0.9634,0.97795,0.96389,0.22188,0.19167,0.85134,8.675e-05,8.675e-05,8.675e-05
49,537.204,0.21242,0.18809,0.79291,0.96839,0.96156,0.97929,0.96323,0.23661,0.19976,0.85438,6.2e-05,6.2e-05,6.2e-05
50,546.691,0.21349,0.18888,0.79659,0.96696,0.96775,0.9802,0.96774,0.22751,0.19568,0.8526,3.725e-05,3.725e-05,3.725e-05
